<?xml version="1.0" encoding="UTF-8"?>
<channel><item><pubDate><![CDATA[Mon, 29 Apr 2019 08:25:51 +0200]]></pubDate><title><![CDATA[Witaj na naszej stronie]]></title><url><![CDATA[index]]></url><meta><![CDATA[getsimple, easy, content management system]]></meta><metad><![CDATA[]]></metad><menu><![CDATA[Strona główna]]></menu><menuStatus><![CDATA[Y]]></menuStatus><template><![CDATA[template.php]]></template><parent><![CDATA[]]></parent><private><![CDATA[]]></private><author><![CDATA[admin]]></author><menuOrder><![CDATA[1]]></menuOrder><slug><![CDATA[index]]></slug><filename><![CDATA[index.xml]]></filename></item><item><pubDate><![CDATA[Mon, 20 May 2019 07:44:57 +0200]]></pubDate><title><![CDATA[Archiwum]]></title><url><![CDATA[archiwum]]></url><meta><![CDATA[]]></meta><metad><![CDATA[]]></metad><menu><![CDATA[Archiwum]]></menu><menuStatus><![CDATA[Y]]></menuStatus><template><![CDATA[template.php]]></template><parent><![CDATA[]]></parent><private><![CDATA[]]></private><author><![CDATA[admin]]></author><menuOrder><![CDATA[3]]></menuOrder><slug><![CDATA[archiwum]]></slug><filename><![CDATA[archiwum.xml]]></filename></item><item><pubDate><![CDATA[Mon, 29 Apr 2019 08:26:03 +0200]]></pubDate><title><![CDATA[Aktualności]]></title><url><![CDATA[aktualnosci]]></url><meta><![CDATA[]]></meta><metad><![CDATA[]]></metad><menu><![CDATA[Aktualności]]></menu><menuStatus><![CDATA[Y]]></menuStatus><template><![CDATA[template.php]]></template><parent><![CDATA[]]></parent><private><![CDATA[]]></private><author><![CDATA[admin]]></author><menuOrder><![CDATA[2]]></menuOrder><slug><![CDATA[aktualnosci]]></slug><filename><![CDATA[aktualnosci.xml]]></filename></item><item><pubDate><![CDATA[Mon, 20 May 2019 07:46:27 +0200]]></pubDate><title><![CDATA[Archiwum 2016/17]]></title><url><![CDATA[archiwum-201617]]></url><meta><![CDATA[]]></meta><metad><![CDATA[]]></metad><menu><![CDATA[Archiwum 2016/17]]></menu><menuStatus><![CDATA[Y]]></menuStatus><template><![CDATA[template.php]]></template><parent><![CDATA[archiwum]]></parent><private><![CDATA[]]></private><author><![CDATA[admin]]></author><menuOrder><![CDATA[1]]></menuOrder><slug><![CDATA[archiwum-201617]]></slug><filename><![CDATA[archiwum-201617.xml]]></filename></item></channel>
